feature_set,variant,n_features,auc,auc_pr,brier_skill,ece,stability,icc,player_discrimination
xcross,with_entropy,62,0.5816247356834071,0.3510790318427668,0.01648310681197418,0.006820986554810462,0.7168742137319124,0.13921926267698603,0.020829825767576304
xcross,no_entropy,38,0.570232742190136,0.34584500003237256,0.011911298321021335,0.009366155312400558,0.6953879661496002,0.12643550794667907,0.01611767829125979
xcrossot,with_entropy,93,0.7697300529883456,0.5518750231788797,0.1827937614564218,0.016023384185647045,0.2595779229775938,0.027851540917924772,0.041528170683813634
xcrossot,no_entropy,65,0.7637534808820365,0.5405155310239729,0.1745832601553574,0.015543950029311129,0.2626398656624603,0.027583620130335232,0.04071949448559847
