feature_set,variant,n_features,auc,auc_pr,brier_skill,ece,stability,icc,player_discrimination
xcross,with_entropy,62,0.570896742541269,0.4054922609261826,0.014225651666762151,0.010203298459398399,0.7755780004734475,0.13574307983026246,0.02000203033024423
xcross,no_entropy,38,0.5612108701676856,0.39546632878627097,0.010396059388147472,0.0059476591881795346,0.6908151187564112,0.11106616657325125,0.01340917278003501
xcrossot,with_entropy,93,0.8096460807719027,0.6523508817602963,0.2651629703269923,0.006217016388660229,0.2802098950524738,0.028656157201797296,0.05991484944455704
xcrossot,no_entropy,65,0.8016974306571338,0.6503488137213382,0.2507022400530262,0.014703919527593323,0.21595518030458455,0.02213903095894234,0.05445020822197623
