feature_set,variant,n_features,auc,auc_pr,brier_skill,ece,stability,icc,player_discrimination
xcross,with_entropy,62,0.5776859758852614,0.40603941214063066,0.01656281778933255,0.013400647285004189,0.7345836035047467,0.13046343413409328,0.020615732685790013
xcross,no_entropy,38,0.5674156694163666,0.3972506523845811,0.012735998838227625,0.006384168620153055,0.7165721759467084,0.12636445071458743,0.018240330833234803
xcrossot,with_entropy,93,0.8382530530704981,0.7127940716018668,0.3180295888852761,0.006593153039639457,0.3544593523644848,0.024272328104163635,0.059414834947463795
xcrossot,no_entropy,65,0.833628329008688,0.7086084769749574,0.3091071844271396,0.010730718390321322,0.2921231870805415,0.02270448887433652,0.05786446813732326
