feature_set,variant,n_features,auc,auc_pr,brier_skill,ece,stability,icc,player_discrimination
xcross,with_entropy,45,0.5678697466524409,0.3423997798361875,0.011532621711148217,0.006714473245197428,0.6807622504537206,0.12081944583624364,0.0155748081086501
xcross,no_entropy,21,0.5587687632708119,0.34295868041806077,0.009632607672763305,0.01175670809122064,0.6791840921644441,0.12134418679254336,0.014630403887653694
xcrossot,with_entropy,56,0.7052176676199555,0.4534652275162408,0.10831679117986803,0.008792762624202506,0.42511638917383415,0.03948113980822639,0.03949529192400992
xcrossot,no_entropy,28,0.6878489973631988,0.4376556588048214,0.09329074268603044,0.007985459854011136,0.3268365817091455,0.027949983374500255,0.03379216762825216
