feature_set,variant,n_features,auc,auc_pr,brier_skill,ece,stability,icc,player_discrimination
xcross,with_entropy,45,0.5673354602124373,0.40214471913173355,0.012636478134113172,0.009167504929556251,0.7632920381914307,0.1333663954898793,0.019922891957353348
xcross,no_entropy,21,0.5571542317199417,0.39492598035611526,0.009230941881425703,0.012037100811669693,0.7047897104079539,0.1178949218567401,0.014242899436242528
xcrossot,with_entropy,56,0.776571865356964,0.6130123998264428,0.21129785458373018,0.009359277778267502,0.30306162708119627,0.03262324711703358,0.05366097059447609
xcrossot,no_entropy,28,0.7615629050618833,0.5994185985740558,0.1885061857010507,0.011066972260106627,0.19686735579578635,0.02468227967165668,0.046780679684383715
