league,feature_set,n,auc,auc_pr,log_loss,brier,brier_skill,ece,cal_slope,cal_intercept,std,p5,p25,p50,p75,p95,range_5_95,player_discrimination,stability,icc
brasileirao,xcross,3000,0.5811043327477264,0.40651898052811364,0.6317127132386023,0.22022465854652234,0.017200815129832292,0.013915174148450577,1.2384194328494906,0.12023316159389556,0.05084535450635266,0.2636736849824911,0.3088118260686524,0.345784321804909,0.3844247557835912,0.42294223644860596,0.15926855146611485,0.018339989302674574,0.713157894736842,0.10794494206160912
brasileirao,xcrossot,3000,0.7999658850474858,0.6359881923084987,0.5017962209286073,0.16929794171305698,0.24447207586138386,0.016419553124393003,0.9300254102324436,0.027932053916083915,0.23746187806627098,0.012738376231688586,0.08181345698438201,0.33696989209323175,0.530542586664371,0.7093060107533783,0.6965676345216897,0.05607954867991615,0.28238866396761136,0.021766920166157635
premier-league,xcross,4232,0.5642073482782409,0.4056480927700057,0.6464248623275293,0.22727012313620137,0.012297625863598616,0.01031527353354065,1.0736628291638488,0.05286335260335317,0.04943446855513324,0.27643749038418575,0.32240961608706903,0.35861760931455267,0.39111887079949137,0.4304295377628282,0.15399204737864247,0.020630633238059068,0.763198906356801,0.1469058029649458
premier-league,xcrossot,4232,0.8153428000214509,0.6611557769049452,0.48785259452553914,0.1662661267938221,0.2774173485429703,0.015076780802270049,1.0937726318854595,-0.025680714434615278,0.2469318572987186,0.014682767874257235,0.1072776216277734,0.38634198804303815,0.5633762188811277,0.7413812576312575,0.7266984897570002,0.060730214317046824,0.3026930963773069,0.03003181334930803
