league,feature_set,n,auc,auc_pr,log_loss,brier,brier_skill,ece,cal_slope,cal_intercept,std,p5,p25,p50,p75,p95,range_5_95,player_discrimination,stability,icc
brasileirao,xcross,3000,0.5837869484894589,0.33278901598950633,0.5908361276105509,0.20121686901305041,0.01600096657386796,0.006392932163827329,1.0630853887279166,0.023023455388093104,0.05459474996652929,0.21185836975158395,0.2506988375396006,0.28699119278364116,0.34489715468404725,0.37587768275900374,0.1640193130074198,0.021025593281057516,0.6983805668016194,0.12432493964193625
brasileirao,xcrossot,3000,0.7426825690067377,0.49398277397562534,0.5129840806687356,0.17472026263911197,0.14557576409910478,0.023334153568019596,1.1168765954741864,0.09881393837468604,0.16158620153705114,0.007326892109500806,0.15614296449165727,0.3024267863069514,0.41209803347484514,0.5268879484477871,0.5195610563382863,0.043205699097436275,0.47125506072874496,0.0373782353470081
champions-league,xcross,1228,0.582296918767507,0.3770412962239039,0.6089023313171362,0.20940922987522056,0.01716225302161667,0.01411196857218561,1.089270647749686,0.14529768466317133,0.052505868614519696,0.21981710103664498,0.2503652447929027,0.2880181983090336,0.34502906170562087,0.37594561159809003,0.15612851056144506,NaN,NaN,NaN
champions-league,xcrossot,1228,0.7227591036414567,0.5142857845099558,0.5457263800014477,0.18554687841447964,0.12915741083417165,0.03776490848729928,0.980806511021882,0.03131265743006481,0.15952342249960522,0.01781362886673358,0.178489150650028,0.3127678033757614,0.4156185681859925,0.5434169750250787,0.5256033461583451,NaN,NaN,NaN
premier-league,xcross,7171,0.5818116349024178,0.3559666899179737,0.6038500361517557,0.20714741371485104,0.016627360348685727,0.009842330316225504,1.1560986003709532,0.13344598902555613,0.05129628661825593,0.22614608828894114,0.2589768899013774,0.2948718507979156,0.35030062261400163,0.37882059704130966,0.15267450875236852,0.02084657606997617,0.7258976317799847,0.14335898994843357
premier-league,xcrossot,7171,0.7201411629511136,0.47558987694074495,0.5410284922724846,0.18480230953264926,0.1227043018314461,0.011937142274163998,0.9842479037320653,-0.03142134634652081,0.1621456782218305,0.0110719779774917,0.18808588690763725,0.3277846099628278,0.43569513075106725,0.543120255663504,0.5320482776860123,0.03933756340775625,0.38615876102507113,0.035439906692344925
