league,feature_set,n,auc,auc_pr,log_loss,brier,brier_skill,ece,cal_slope,cal_intercept,std,p5,p25,p50,p75,p95,range_5_95,player_discrimination,stability,icc
brasileirao,xcross,3000,0.5840377091936536,0.3367225312325882,0.5905289477365462,0.20111496181914315,0.01649931733737875,0.010465501830618102,1.3879638144349473,0.28091995365758143,0.0449985062290264,0.23077036849267593,0.26004864767859354,0.29507574853120994,0.3336381820429703,0.3650315759216988,0.1342612074290229,0.01536751305292907,0.5281376518218623,0.09781348924766145
brasileirao,xcrossot,3000,0.7138056944142577,0.44439203898203916,0.543522038167115,0.18117823723897988,0.11399471030709696,0.019288766344586206,0.9747872122405022,-0.04579511117130779,0.15154998752938714,0.011917960088691795,0.17807876631406042,0.3055380114351889,0.4186674673194464,0.5087435312376509,0.49682557114895914,0.04066683051286462,0.4759109311740891,0.039056527549405105
premier-league,xcross,4232,0.55841931505994,0.34819051266825696,0.6169002952762885,0.21299763771267471,0.007567899847608972,0.00792899315304606,0.9809221023080427,0.020681626577869826,0.03955841590977787,0.24340041589842332,0.27125539684732636,0.30681681734365845,0.3375470170656416,0.3636453805719995,0.1202449646735762,0.01576702618970445,0.7913055365686945,0.13464291875202336
premier-league,xcrossot,4232,0.6989265942390943,0.45879339688486864,0.5610890973196178,0.1924294721059175,0.10340233260752496,0.013786150667244292,0.9691365789608534,-0.004905659142896281,0.1485033755386047,0.02172782679111793,0.20392091238163176,0.3391977601099988,0.4310422772402686,0.5087435312376509,0.48701570444653297,0.038953122728886,0.4409569377990431,0.039666259193525046
