league,feature_set,n,auc,auc_pr,log_loss,brier,brier_skill,ece,cal_slope,cal_intercept,std,p5,p25,p50,p75,p95,range_5_95,player_discrimination,stability,icc
brasileirao,xcross,3000,0.5758722990056582,0.3972247018977825,0.632763038643861,0.2206830825779989,0.01515500078990506,0.011453780279671224,1.1461102363755349,0.0526386269004583,0.05119238550061935,0.2666506085414991,0.31000988264199947,0.34607440443433646,0.3865581664939433,0.42671701895674263,0.16006641041524355,0.01704306710610319,0.6234817813765182,0.09058827924205516
brasileirao,xcrossot,3000,0.7713502331271064,0.5988244379290507,0.5274797283409788,0.17947614242752047,0.19904969931354366,0.012799882757071761,0.9969711290358614,0.02940795740202192,0.20773531879020532,0.01732973304317042,0.14834067639648824,0.35444419234987123,0.4944563800521881,0.6674070620744126,0.6500773290312422,0.048436205983247806,0.22469635627530365,0.021265894758228022
premier-league,xcross,4232,0.5617021596696179,0.4048324453694182,0.6473082087932867,0.2276250387903266,0.01075518363951633,0.01497646221901594,0.98957033665337,0.007000655440820688,0.04961021675824323,0.2782528940047959,0.32013973543631796,0.3578434115156739,0.3898745009838558,0.42973361842103946,0.15148072441624355,0.021289638525179618,0.7855639097744361,0.15446738325761808
premier-league,xcrossot,4232,0.7803936718023357,0.6225040479529712,0.5239523062466487,0.17955255544566454,0.21967532358109643,0.017024102394985054,1.1244158644491593,0.00399729972970672,0.21470559850439574,0.019704079094372655,0.17661809968896014,0.3973701907468047,0.5281258486087239,0.6953140695423069,0.6756099904479342,0.055287103239444454,0.3485167464114832,0.03613128160212146
