model,estimator,calibration,auc,auc_pr,log_loss,brier,brier_skill,ece,cal_slope,cal_intercept,std,p5,p25,p50,p75,p95,range_5_95,player_discrimination,stability,icc
xcross/success,adaboost,sigmoid,0.570896742541269,0.4054922609261826,0.6417445005657599,0.22502489829746303,0.014225651666762151,0.010203298459398399,1.1430020534069905,0.08785648565078695,0.0502856234017954,0.27019987710737364,0.31600975387029706,0.3539612946465973,0.3886196103513581,0.4277314311004464,0.15753155399307278,0.02000203033024423,0.7755780004734475,0.1357430798302626
xcross/shot,adaboost,sigmoid,0.5671311898012824,0.3407884710908684,0.606576962299703,0.20832317030745465,0.010983012295324057,0.008999565048366546,1.2203440941133898,0.1844206610354499,0.03993357007131216,0.23949553882236846,0.2700109596843934,0.30344338168839835,0.33368322062444206,0.3630056480303695,0.12351010920800104,0.014625158583741367,0.6588100686498857,0.1177056212792586
xcrossot/success,adaboost,isotonic,0.8096460807719027,0.6523508817602963,0.49400926314806376,0.16774287964275583,0.2651629703269923,0.006217016388660229,1.0201712659029083,0.008474153922324059,0.24366726624262788,0.0136986301369863,0.09575656360816805,0.37036386344823785,0.5535271041727282,0.7290978771627329,0.7153992470257466,0.05991484944455708,0.2802098950524738,0.028656157201797282
xcrossot/shot,adaboost,sigmoid,0.7335104388285281,0.49185004437074614,0.5314707338961716,0.18155519504501702,0.13806432649545652,0.0094566356298398,1.118850273457737,0.06975429936452492,0.16088814489587824,0.01629411608100057,0.17142663240646486,0.3192162808581794,0.4390135264008687,0.5343567474701905,0.5180626313891898,0.04083695380941475,0.35694784186853945,0.03343965650255601
