model,estimator,calibration,auc,auc_pr,log_loss,brier,brier_skill,ece,cal_slope,cal_intercept,std,p5,p25,p50,p75,p95,range_5_95,player_discrimination,stability,icc
xcross/success,adaboost,sigmoid,0.5673354602124373,0.40214471913173355,0.6426154149768046,0.2253876624667336,0.012636478134113172,0.009167504929556251,1.0629466392872415,0.038054692422336146,0.05042630551898081,0.27343248093093137,0.31587824744447474,0.3529103805112597,0.38901134951447214,0.4275487744148367,0.15411629348390532,0.019922891957353348,0.7632920381914307,0.13336639548987944
xcross/shot,adaboost,sigmoid,0.5678697466524409,0.3423997798361875,0.6062813128186741,0.20820740245173658,0.011532621711148217,0.006714473245197428,1.185689475720501,0.15688239594042178,0.04200398787323478,0.23931698331605947,0.2658402867827933,0.30370525808776977,0.3359717297118441,0.3638118183474708,0.12449483503141132,0.015574808108650123,0.6807622504537206,0.12081944583624396
xcrossot/success,adaboost,sigmoid,0.776571865356964,0.6130123998264428,0.5265352988102077,0.18003878916038835,0.21129785458373018,0.009359277778267502,1.0665811393940803,0.02442886006250319,0.21218822890213113,0.0184165843783794,0.16652497779262604,0.3792387176199134,0.5142093674618099,0.6876773214592552,0.6692607370808757,0.053660970594476075,0.30306162708119627,0.03262324711703355
xcrossot/shot,adaboost,isotonic,0.7052176676199555,0.4534652275162408,0.5536841917642115,0.1878211145821108,0.10831679117986803,0.008792762624202506,0.9780598955217792,-0.01819954109124163,0.14998963892693967,0.015386343216531895,0.18960053053631362,0.3294702609218738,0.4269906459777704,0.5087435312376509,0.49335718802111905,0.039495291924009926,0.42511638917383415,0.03948113980822639
