model,estimator,calibration,auc,auc_pr,log_loss,brier,brier_skill,ece,cal_slope,cal_intercept,std,p5,p25,p50,p75,p95,range_5_95,player_discrimination,stability,icc
xcross/success,adaboost,sigmoid,0.5776859758852614,0.40603941214063066,0.638441673515678,0.22347984813837668,0.01656281778933255,0.013400647285004189,1.1716688978431011,0.11342995220770252,0.05315478987290396,0.2619906336256329,0.3095957831106526,0.3478418247360911,0.38568154968209784,0.4321617203035955,0.1701710866779626,0.020615732685790006,0.7345836035047467,0.13046343413409317
xcross/shot,adaboost,sigmoid,0.5816247356834071,0.3510790318427668,0.6012653978033745,0.20596032676604648,0.01648310681197418,0.006820986554810462,1.1263004130073342,0.10865166914501038,0.05242117048806004,0.22215255960476615,0.25566053317159915,0.2923848893892545,0.348486714005744,0.37785102031760204,0.15569846071283588,0.020829825767576304,0.7168742137319124,0.13921926267698617
xcrossot/success,catboost,isotonic,0.8382530530704981,0.7127940716018668,0.46421730150635915,0.1549734407724854,0.3180295888852761,0.006593153039639457,1.0144018767689134,0.002312288190097933,0.26569763310943634,0.0056022408963585435,0.07862120852142235,0.34947673685537767,0.5628599201345102,0.7809524359637141,0.7753501950673556,0.059414834947463815,0.3544593523644848,0.024272328104163653
xcrossot/shot,adaboost,isotonic,0.7265362617254865,0.4832057360935837,0.5340646573330838,0.18222657325130034,0.12981827134115387,0.010749952146826535,1.0215580268048794,0.009274587313323802,0.162016196281048,0.010957561501519162,0.1776613069931486,0.3168725447933592,0.4274887201716471,0.5396695778289246,0.5287120163274054,0.04069568920766898,0.41580904561601856,0.03752569438356261
