ranking,stability_random,stability_temporal,icc,player_discrimination
raw_rate,0.0627380787781191,0.06528806022541946,0.011355753525621019,0.09829748183864727
xcross,0.7755780004734475,0.7095557484415688,0.1357430798302625,0.020002030330244246
xcrossot,0.2802098950524738,0.17128540992661564,0.02865615720179729,0.05991484944455707
