ranking,stability_random,stability_temporal,icc,player_discrimination
raw_rate,0.050346555524557045,-0.013299983524799913,0.010532739556694719,0.09045547255602511
xcross,0.7345836035047467,0.6556519859677125,0.13046343413409325,0.02061573268579001
xcrossot,0.2936195210622863,0.17842951435649326,0.021028820005051116,0.056832966536237935
