ranking,stability_random,stability_temporal,icc,player_discrimination
raw_rate,0.07630279609021633,0.038110596857550146,0.010101396321889593,0.08684946015911035
xcross,0.7168742137319124,0.6622275425208239,0.13921926267698626,0.0208298257675763
xcrossot,0.41580904561601856,0.3249067562250265,0.03752569438356261,0.04069568920766896
