ranking,stability_random,stability_temporal,icc,player_discrimination
raw_rate,0.07630279609021633,0.038110596857550146,0.010101396321889609,0.08684946015911037
xcross,0.7168742137319124,0.6622275425208239,0.13921926267698637,0.020829825767576297
xcrossot,0.2595779229775938,0.25807881800699395,0.027851540917924786,0.041528170683813634
