ranking,stability_random,stability_temporal,icc,player_discrimination
raw_rate,0.0627380787781191,0.06528806022541946,0.01135575352562102,0.09829748183864727
xcross,0.7632920381914307,0.697293458533891,0.13336639548987916,0.01992289195735334
xcrossot,0.30306162708119627,0.20526315789473687,0.03262324711703356,0.05366097059447608
