ranking,stability_random,stability_temporal,icc,player_discrimination
raw_rate,0.03747798552631664,0.0682406620693146,0.012181883316747529,0.09608277233047041
xcross,0.6807622504537206,0.6598753254951473,0.120819445836244,0.015574808108650104
xcrossot,0.42511638917383415,0.2830347983902786,0.03948113980822638,0.03949529192400991
