min_crosses,n_players,stability
10,249,0.5558973960357559
15,168,0.6098799864345698
20,115,0.6807622504537206
30,54,0.6171526586620926
40,25,0.7338461538461539
50,10,0.7575757575757575
