min_crosses,n_players,stability
10,249,0.52891877186164
15,168,0.5745946821488047
20,115,0.6588100686498857
30,54,0.6431484657899752
40,25,0.7138461538461538
50,10,0.6727272727272726
