min_crosses,n_players,stability
10,332,0.6477901480995428
15,219,0.6514629771384831
20,163,0.7168742137319124
30,95,0.7739081746920493
40,60,0.8369547096415672
50,42,0.7899683980228507
