min_crosses,n_players,stability
10,249,0.6234776525456666
15,168,0.6488704754480895
20,115,0.7632920381914307
30,54,0.7134362492853058
40,25,0.8246153846153846
50,10,0.8303030303030302
