min_crosses,n_players,stability
10,332,0.6176291677693054
15,219,0.7045780159265143
20,163,0.7345836035047467
30,95,0.7392077267637179
40,60,0.8132814670741875
50,42,0.8116846284741918
