min_crosses,n_players,stability
10,249,0.6141212592304703
15,168,0.6415486862285574
20,115,0.7755780004734475
30,54,0.7180865256336953
40,25,0.8561538461538462
50,10,0.9030303030303028
